Agent_ID,Persona_Type,Decision,Simulation_Date,Reasoning
agent_0,The All-Round Enthusiast,NO,2020-12-10,"While there are some positive aspects highlighted in the reviews, such as the unique world-building, great graphics, and a decent story, there are significant concerns regarding bugs, optimization issues, and gameplay mechanics. Several reviews mention missing features and a lack of polish, which could detract from the overall experience. Given these factors, it seems wise to wait for a sale or further updates before purchasing 'Cyberpunk 2077' to ensure a more enjoyable experience."
agent_1,The Hardware Enthusiast,YES,2020-12-10,"The reviews indicate that Cyberpunk 2077 has significantly improved since its initial release, with players praising its graphics, world design, and overall attention to detail. Many reviewers express enjoyment of the gameplay elements such as character creation, gunplay, and the skill tree. While some mention minor bugs, the overall sentiment is positive, suggesting that the game is a worthwhile investment for both new players and those returning after patches. The excitement and engagement expressed by players make it clear that the game has a lot to offer."
agent_2,The Cloud Gamer,NO,2020-12-10,"While some reviews highlight the game's enjoyable aspects like the world-building and gameplay mechanics, the recurring issues with optimization and crashes are concerning, especially for a cloud gamer sensitive to performance. The negative feedback regarding frequent crashes and lack of polish suggests that the game may not provide a smooth experience, making it a risky purchase at full price."
agent_3,The Cloud Gamer,NO,2020-12-10,"While some reviews mention improvements and enjoyable gameplay, the recurring theme of poor optimization and frequent crashes is concerning. As a low-end/streaming user, I am particularly sensitive to performance issues and bugs, which could significantly impact my experience. The fact that one reviewer explicitly cannot recommend the game at full price due to these issues reinforces my decision to hold off on purchasing Cyberpunk 2077 for now."
agent_4,The Time Filler,YES,2020-12-10,"The reviews indicate that 'Cyberpunk 2077' has significantly improved since its initial release, with players praising the game's graphics, world-building, and overall enjoyment. Many reviewers mention that despite some bugs, the gameplay, character creation, and story meet expectations for a Cyberpunk game. The positive sentiment suggests that it's worth the investment, especially since it seems to provide a good price/performance ratio for casual gaming."
agent_5,The Backseat Gamer,YES,2020-12-10,"The reviews highlight significant improvements in 'Cyberpunk 2077' since its initial release, noting that it is now quite pleasurable to play and visually impressive. The world-building and attention to detail are praised, which aligns with my appreciation for narrative depth and lore. While some bugs are mentioned, they seem to be minor and do not detract from the overall enjoyment of the game. Overall, the positive sentiments and the game's potential for engaging storytelling make it a worthwhile purchase."
agent_6,The Time Filler,YES,2020-12-10,"The reviews indicate that Cyberpunk 2077 has improved significantly since its initial release, with players praising its gameplay, graphics, and world-building. Despite some mention of bugs, the overall sentiment is positive, with multiple users stating that the game is fun and worth investing time in. The attention to detail and engaging story further support the decision to buy, especially since many players feel it will provide enjoyment for years to come."
agent_7,The Time Filler,YES,2020-12-10,"The reviews indicate that Cyberpunk 2077 has improved significantly since its initial release, with many players praising its gameplay, character creation, and overall world design. While some bugs are mentioned, they don't seem to detract from the overall experience. The game appears to offer a rich and engaging experience, making it worth the investment for someone looking for enjoyable gameplay."
agent_8,The Time Filler,YES,2020-12-10,"The reviews indicate that 'Cyberpunk 2077' has improved significantly since its initial release, with players finding it enjoyable and immersive. Many reviewers highlight the game's graphics, world-building, and gameplay mechanics, which align with what I look for in a game. Although some mention minor bugs, the overall sentiment is positive, suggesting that the game is worth the investment for its entertainment value."
agent_9,The All-Round Enthusiast,YES,2020-12-10,"The reviews present a mix of opinions, but several highlight the game's unique world, strong storytelling, and character depth. While there are criticisms regarding bugs, optimization, and some gameplay mechanics, the overall consensus leans towards it being an enjoyable experience, especially with improvements since its release. The game's ambitious nature and attention to detail are also praised, making it worth considering, particularly if purchased during a sale."
agent_0,The All-Round Enthusiast,YES,2020-12-15,"The reviews indicate that 'Cyberpunk 2077' is an amazing game with a captivating story, especially for sci-fi enthusiasts. Despite some mentions of glitches and bugs, the overall impression is that the game has the potential to rival the best RPGs in the long run. The excitement around the gameplay and narrative suggests that it's worth purchasing, especially if you enjoy detailed storylines and immersive worlds."
agent_1,The Hardware Enthusiast,YES,2020-12-15,"The reviews indicate that 'Cyberpunk 2077' is an amazing game with a compelling story that appeals to sci-fi fans and RPG enthusiasts. Despite reports of glitches and bugs, the consensus suggests that these issues can be fixed over time. Many players express a strong desire to invest hours into the game, highlighting its replayability and overall enjoyment. Given the positive feedback and potential for improvement, purchasing the game seems like a worthwhile investment."
agent_2,The Cloud Gamer,NO,2020-12-15,"The reviews indicate that 'Cyberpunk 2077' has significant issues with glitches, bugs, and loading errors, which are particularly concerning for a low-end streaming user like myself who is sensitive to optimization and performance problems. While some reviews mention that the game has potential and can be enjoyable despite its flaws, the emphasis on bugs and technical difficulties suggests that it may not provide a smooth gaming experience right now. Therefore, I would hold off on purchasing until these issues are addressed."
agent_3,The Cloud Gamer,NO,2020-12-15,"While some reviews praise the game as amazing and mention that it has the potential to be great in the long run, there are significant concerns regarding glitches, bugs, and loading errors. As a low-end/streaming user sensitive to optimization and bugs, these issues raise red flags for me. The fact that multiple reviews highlight these problems makes me hesitant to invest in a game that may not run smoothly or provide a satisfactory experience right now."
agent_4,The Time Filler,YES,2020-12-15,"The reviews indicate that 'Cyberpunk 2077' is an amazing game with a captivating story that appeals to RPG fans. While there are mentions of glitches and bugs, the consensus is that these issues can be fixed and do not detract significantly from the overall experience. Several reviewers express enthusiasm about the game's potential for replayability and the number of hours they plan to invest in it. Given these positive aspects and the excitement surrounding the game, it seems like a worthwhile purchase despite the current technical issues."
agent_5,The Backseat Gamer,YES,2020-12-15,"The reviews highlight that 'Cyberpunk 2077' offers an engaging narrative and deep lore, which aligns with my interests as a backseat gamer. Despite mentions of glitches and bugs, the consensus is that the story is captivating and has the potential to rival the best RPGs. Players express excitement about the game's immersive world and replayability, indicating that the narrative depth outweighs its technical issues. Overall, it seems like a worthwhile investment for someone who values storytelling in gaming."
agent_6,The Time Filler,YES,2020-12-15,"The reviews indicate that 'Cyberpunk 2077' is an amazing game that offers a captivating experience, especially for sci-fi and RPG fans. Despite the presence of glitches and bugs, the consensus is that these issues can be fixed over time. Several reviews emphasize the game's potential for replayability and the depth of its story, suggesting it will provide many hours of entertainment. Overall, the positive aspects outweigh the negatives, making it a worthwhile purchase."
agent_7,The Time Filler,YES,2020-12-15,"The reviews indicate that 'Cyberpunk 2077' is an amazing game with a compelling story and a lot of replay value. While there are mentions of glitches and bugs, the consensus seems to be that these issues can be fixed and do not detract significantly from the overall experience. The excitement and potential for many hours of gameplay make it a worthwhile purchase, especially for a casual gamer like me who values price/performance."
agent_8,The Time Filler,YES,2020-12-15,"The reviews indicate that 'Cyberpunk 2077' is an amazing game with a captivating story and gameplay that can provide many hours of entertainment. While there are mentions of glitches and bugs, the consensus seems to be that these issues can be fixed and do not overshadow the overall experience. The excitement expressed in the reviews suggests that it is worth purchasing, especially for someone looking for a game to fill their time."
agent_9,The All-Round Enthusiast,YES,2020-12-15,"The reviews indicate that 'Cyberpunk 2077' is an amazing game with a captivating story that appeals to sci-fi enthusiasts and RPG fans alike. While there are mentions of glitches and bugs, the general consensus is that these issues can be fixed and do not detract significantly from the overall enjoyment of the game. The excitement expressed by players suggests that it offers a rich experience worth investing time in, and many reviewers anticipate playing it repeatedly. Therefore, despite some imperfections, the positive aspects outweigh the negatives, making it a worthwhile purchase."
agent_0,The All-Round Enthusiast,YES,2021-02-01,"Despite the mixed reviews, many players highlight the incredible atmosphere, character building, and gripping narrative of Cyberpunk 2077. While there are mentions of bugs and glitches, some users report having minimal issues. The potential for a vast playground with the promise of future content adds to its appeal. The game's strengths in gameplay and world design seem to outweigh the negatives, making it a worthwhile purchase for someone looking for an engaging experience."
agent_1,The Hardware Enthusiast,YES,2021-02-01,"Despite the initial bugs and glitches mentioned in the reviews, many users highlight the incredible atmosphere and depth of 'Cyberpunk 2077', particularly the expansive and immersive city. The positive reviews emphasize solid character building, exhilarating combat, and a gripping narrative, which indicate that the core gameplay experience is strong. Additionally, a recent review noted that the game has improved significantly over time, suggesting that the developers have addressed many of the initial issues. For a tech-savvy hardware enthusiast like myself, the visual tech and potential for future content updates make it an appealing purchase."
agent_2,The Cloud Gamer,NO,2021-02-01,"While Cyberpunk 2077 has been described as a fantastic game with an incredible atmosphere and engaging gameplay, the consensus among the reviews highlights significant issues with bugs and glitches. Many reviews mention that these bugs detract from the overall experience, and there are concerns about broken promises from the developers regarding the game's performance and content. As a cloud gamer who is sensitive to optimization and bugs, these issues would likely lead to a frustrating gaming experience, especially on lower-end hardware or streaming services. Therefore, it would be prudent to wait for further updates and optimizations before making a purchase."
agent_3,The Cloud Gamer,NO,2021-02-01,"The reviews indicate that while 'Cyberpunk 2077' has an impressive atmosphere and engaging gameplay, it is plagued with numerous bugs and glitches that significantly detract from the experience. As a cloud gamer sensitive to optimization and bugs, I would likely find the game's current state frustrating. Additionally, there are concerns about the game's development practices and unmet expectations from the developers, which further diminish my interest in purchasing it at this time."
agent_4,The Time Filler,YES,2021-02-01,"Despite the initial bugs and glitches mentioned in the reviews, many players highlight the game's fun factor, engaging narrative, and expansive city to explore. The positive reviews suggest that the game has improved over time, with some players even changing their reviews back to positive after updates. The overall experience seems to outweigh the negatives, making it a worthwhile purchase for someone looking for an immersive RPG."
agent_5,The Backseat Gamer,NO,2021-02-01,"While some reviews praise Cyberpunk 2077 for its narrative depth, character building, and the immersive atmosphere of Night City, there are significant concerns regarding the game's bugs, glitches, and the broken promises from the developers. The disappointment expressed over the graphical downgrade and cut content suggests that the experience may not live up to expectations. Additionally, the mention of staff crunch raises ethical concerns about the game's development. Given these factors, it seems wiser to hold off on purchasing until the game is more polished and the issues have been addressed."
agent_6,The Time Filler,YES,2021-02-01,"Despite the presence of bugs and glitches, the overall consensus from the reviews is that Cyberpunk 2077 offers a compelling and immersive experience with solid character building, exhilarating combat, and an impressive open-world environment to explore. Many reviewers have acknowledged the game's potential and have expressed that it has improved over time, making it worth playing for those interested in single-player RPGs. The atmosphere and narrative seem to be strong points, which align with my interests in games that provide engaging content, even if there are some initial hiccups."
agent_7,The Time Filler,NO,2021-02-01,"While some reviews mention that 'Cyberpunk 2077' is a fun game with an incredible atmosphere, the recurring theme of disappointment due to glitches, broken promises, and graphical downgrades raises significant concerns. The suggestion to wait for a sale implies that the current price does not reflect the game's performance and value. Given that many players recommend waiting, it's better to hold off until the game is improved and possibly discounted."
agent_8,The Time Filler,YES,2021-02-01,"Despite the mixed reviews and mentions of bugs, many players highlight the fun and immersive experience of Cyberpunk 2077. The game's atmosphere, character building, and narrative seem to outweigh the negative aspects for a lot of players. Additionally, there are signs that the game has improved over time, making it a worthwhile investment for someone looking for an engaging single-player RPG."
agent_9,The All-Round Enthusiast,NO,2021-02-01,"While several reviews highlight the game's fun aspects, gripping narrative, and impressive world-building, there are significant concerns regarding bugs, glitches, and unmet expectations. The disappointment stemming from broken promises and the overall hype surrounding the game suggest that it may not live up to its potential. Additionally, the mention of boring side missions and poor vehicle handling further raises red flags. Given these factors, it seems prudent to wait until the game is more polished and the issues have been addressed."
agent_0,The All-Round Enthusiast,YES,2023-10-01,"The reviews indicate that 'Cyberpunk 2077' has significantly improved since its rough launch. Many players highlight the rich narrative, immersive environments, and the overhaul brought by update 2.0, making the game more enjoyable and replayable. The positive feedback on the graphics and gameplay suggests a compelling experience. Overall, the consensus is that it's now a worthy purchase, especially during a sale."
agent_1,The Hardware Enthusiast,YES,2023-10-01,"The reviews indicate a significant turnaround for Cyberpunk 2077, especially with the recent 2.0 update. Many players highlight that the game has evolved into a compelling experience with rich narratives, immersive environments, and deep gameplay mechanics. The improvements have made it enjoyable and stable, addressing the issues it faced at launch. Given the positive feedback and the recommendation to pick it up during a sale, it seems like a worthwhile investment."
agent_2,The Cloud Gamer,YES,2023-10-01,"The recent reviews highlight significant improvements in 'Cyberpunk 2077' since its troubled launch. The 2.0 update has enhanced gameplay mechanics and overall stability, making the game more enjoyable and immersive. Reviewers note the rich narrative, stunning graphics, and deep gameplay, with many stating that it now lives up to its original potential. Given the positive feedback and the recommendation to pick it up during a sale, it seems like a worthwhile investment."
agent_3,The Cloud Gamer,YES,2023-10-01,"The recent reviews indicate that 'Cyberpunk 2077' has significantly improved after the 2.0 update, addressing many of the bugs and performance issues that plagued its initial release. Reviewers highlight its immersive story, vibrant city design, and enhanced gameplay mechanics. While some minor bugs and graphical glitches remain, they don't seem to detract from the overall experience, making it worth the investment, especially if purchased during a sale."
agent_4,The Time Filler,YES,2023-10-01,"The reviews indicate that 'Cyberpunk 2077' has significantly improved since its troubled launch, especially with the recent 2.0 update. Players are praising the compelling narrative, immersive environments, and deep gameplay mechanics. The game is now described as enjoyable, stable, and optimized, making it a worthwhile purchase, especially if I can find it on sale."
agent_5,The Backseat Gamer,YES,2023-10-01,"The reviews indicate that 'Cyberpunk 2077' has significantly improved since its troubled launch. With multiple updates, especially the 2.0 update, the game is now described as immersive, with a rich narrative and deep gameplay mechanics. Reviewers highlight the compelling story, stunning visuals, and atmospheric design of Night City, suggesting that it's a must-play for anyone interested in narrative depth and lore. The consensus is that despite its rocky start, the game has evolved into a captivating experience worth purchasing, especially during a sale."
agent_6,The Time Filler,YES,2023-10-01,"The reviews indicate that Cyberpunk 2077 has significantly improved since its troubled launch, particularly after the 2.0 update. Multiple reviewers highlight the game's compelling narrative, immersive environments, and enhanced gameplay mechanics, suggesting a much more enjoyable experience now. The game is recommended for purchase, especially during a sale, which aligns with my value for price/performance ratio."
agent_7,The Time Filler,YES,2023-10-01,"The reviews indicate that Cyberpunk 2077 has undergone significant improvements since its troubled launch. Many players express that the game is now enjoyable, with a compelling story, immersive environments, and stable performance after the 2.0 update. The consensus suggests it offers a great price-to-performance ratio, especially if purchased during a sale, making it a worthwhile investment."
agent_8,The Time Filler,YES,2023-10-01,"The reviews indicate that Cyberpunk 2077 has significantly improved since its rough launch, especially with the recent 2.0 update. Players are praising its rich narrative, immersive environments, and enhanced gameplay mechanics. Many reviewers recommend picking it up, particularly during a sale, which aligns well with my preference for price/performance ratio. Overall, the consensus is that the game is now enjoyable and worth trying."
agent_9,The All-Round Enthusiast,YES,2023-10-01,"The reviews indicate that 'Cyberpunk 2077' has significantly improved since its rocky launch, especially with the recent 2.0 update. Players are now enjoying a rich narrative, immersive environments, and enhanced gameplay mechanics. The game is described as compelling and offers a vast world to explore, with choices that impact the story. Many reviewers recommend picking it up during a sale, suggesting it provides good value for the experience it offers. Overall, the positive feedback and the game's evolution make it a worthwhile purchase."
